[
  {
    "themeID": "tokiencraft:tolkiencraft",
    "themeName": "TolkienCraft",
    "themeParent": "none",
    "textures":
    {
      "betterquesting:panel_main":
      {
        "atlas": "tolkiencraft:textures/gui/editor_gui_lotr.png",
        "bounds": [0, 0, 48, 48],
        "padding": [16, 16, 16, 16],
        "sliceMode": 1,
        "textureType": "betterquesting:texture_sliced"
      },
      "betterquesting:aux_frame_0":
      {
        "textureType": "betterquesting:texture_simple",
        "atlas": "tolkiencraft:textures/gui/editor_gui_lotr.png",
        "bounds": [0, 128, 128, 128],
        "stretch": true
      },
      "betterquesting:scroll_v_bg":
      {
        "textureType": "betterquesting:texture_sliced",
        "atlas": "tolkiencraft:textures/gui/editor_gui_lotr.png",
        "bounds": [248, 0, 8, 60],
        "padding": [1, 20, 1, 20],
        "sliceMode": 2
      },
      "betterquesting:scroll_v_0":
      {
        "textureType": "betterquesting:texture_simple",
        "atlas": "tolkiencraft:textures/gui/editor_gui_lotr.png",
        "bounds": [248, 60, 8, 20],
        "stretch": true
      },
      "betterquesting:scroll_v_1":
      {
        "textureType": "betterquesting:texture_simple",
        "atlas": "tolkiencraft:textures/gui/editor_gui_lotr.png",
        "bounds": [248, 60, 8, 20],
        "stretch": true
      },
      "betterquesting:scroll_v_2":
      {
        "textureType": "betterquesting:texture_simple",
        "atlas": "tolkiencraft:textures/gui/editor_gui_lotr.png",
        "bounds": [248, 60, 8, 20],
        "stretch": true
      },
      "betterquesting:btn_normal_0":
      {
        "textureType": "betterquesting:texture_simple",
        "atlas": "tolkiencraft:textures/gui/editor_gui_lotr.png",
        "bounds": [48, 0, 200, 20],
        "stretch": true
      },
      "betterquesting:btn_normal_1":
      {
        "textureType": "betterquesting:texture_simple",
        "atlas": "tolkiencraft:textures/gui/editor_gui_lotr.png",
        "bounds": [48, 20, 200, 20],
        "stretch": true
      },
      "betterquesting:btn_normal_2":
      {
        "textureType": "betterquesting:texture_simple",
        "atlas": "tolkiencraft:textures/gui/editor_gui_lotr.png",
        "bounds": [48, 40, 200, 20],
        "stretch": true
      },
      "betterquesting:quest_norm_0":
      {
        "textureType": "betterquesting:texture_simple",
        "atlas": "tolkiencraft:textures/gui/lotr_frames.png",
        "bounds": [0,0,128,128],
        "stretch": true
      },
      "betterquesting:quest_norm_1":
      {
        "textureType": "betterquesting:texture_layered",
        "layers":
        [
          {
            "textureType": "betterquesting:texture_simple",
            "atlas": "tolkiencraft:textures/gui/lotr_frames.png",
            "bounds": [0,128,128,128],
            "stretch": true
          },
          {
            "textureType": "betterquesting:texture_simple",
            "atlas": "tolkiencraft:textures/gui/lotr_frames.png",
            "bounds": [0,0,128,128],
            "stretch": true
          }
        ]
      },
      "betterquesting:quest_norm_2":
      {
        "textureType": "betterquesting:texture_layered",
        "layers":
        [
          {
            "textureType": "betterquesting:texture_simple",
            "atlas": "tolkiencraft:textures/gui/lotr_frames.png",
            "bounds": [0,128,128,128],
            "stretch": true
          },
          {
            "textureType": "betterquesting:texture_simple",
            "atlas": "tolkiencraft:textures/gui/lotr_frames.png",
            "bounds": [0,0,128,128],
            "stretch": true
          }
        ]
      },
      "betterquesting:quest_norm_3":
      {
        "textureType": "betterquesting:texture_simple",
        "atlas": "tolkiencraft:textures/gui/lotr_frames.png",
        "bounds": [0,0,128,128],
        "stretch": true
      },
      "betterquesting:quest_main_0":
      {
        "textureType": "betterquesting:texture_simple",
        "atlas": "tolkiencraft:textures/gui/lotr_frames.png",
        "bounds": [128,0,128,128],
        "stretch": true
      },
      "betterquesting:quest_main_1":
      {
        "textureType": "betterquesting:texture_layered",
        "layers":
        [
          {
            "textureType": "betterquesting:texture_simple",
            "atlas": "tolkiencraft:textures/gui/lotr_frames.png",
            "bounds": [128,128,128,128],
            "stretch": true
          },
          {
            "textureType": "betterquesting:texture_simple",
            "atlas": "tolkiencraft:textures/gui/lotr_frames.png",
            "bounds": [128,0,128,128],
            "stretch": true
          }
        ]
      },
      "betterquesting:quest_main_2":
      {
        "textureType": "betterquesting:texture_layered",
        "layers":
        [
          {
            "textureType": "betterquesting:texture_simple",
            "atlas": "tolkiencraft:textures/gui/lotr_frames.png",
            "bounds": [128,128,128,128],
            "stretch": true
          },
          {
            "textureType": "betterquesting:texture_simple",
            "atlas": "tolkiencraft:textures/gui/lotr_frames.png",
            "bounds": [128,0,128,128],
            "stretch": true
          }
        ]
      },
      "betterquesting:quest_main_3":
      {
        "textureType": "betterquesting:texture_simple",
        "atlas": "tolkiencraft:textures/gui/lotr_frames.png",
        "bounds": [128,0,128,128],
        "stretch": true
      },
      "betterquesting:item_frame":
      {
        "textureType": "betterquesting:texture_sliced",
        "atlas": "tolkiencraft:textures/gui/editor_gui_lotr.png",
        "bounds": [0,48,18,18],
        "padding": [1,1,1,1],
        "sliceMode": 2
      }
    },
    "colors":
    {
      "betterquesting:text_header":
      {
        "colorType": "betterquesting:color_static",
        "color": "FF000000"
      },
      "betterquesting:text_main":
      {
        "colorType": "betterquesting:color_static",
        "color": "FF000000"
      },
      "betterquesting:gui_divider":
      {
        "colorType": "betterquesting:color_static",
        "color": "FF000000"
      },
      "betterquesting:grid_major":
      {
        "colorType": "betterquesting:color_static",
        "color": "FF000000"
      },
      "betterquesting:grid_minor":
      {
        "colorType": "betterquesting:color_static",
        "color": "FF000000"
      },
      "betterquesting:quest_icon_locked":
      {
        "colorType": "betterquesting:color_static",
        "color": "FF404040"
      },
      "betterquesting:quest_icon_unlocked":
      {
        "colorType": "betterquesting:color_pulse",
        "period": 1.0,
        "phase": 0.0,
        "color1":
        {
          "colorType": "betterquesting:color_static",
          "color": "FFC0C0C0"
        },
        "color2":
        {
          "colorType": "betterquesting:color_static",
          "color": "FF404040"
        }
      },
      "betterquesting:quest_icon_pending":
      {
        "colorType": "betterquesting:color_static",
        "color": "FFC0C0C0"
      },
      "betterquesting:quest_icon_complete":
      {
        "colorType": "betterquesting:color_static",
        "color": "FFC0C0C0"
      },
      "betterquesting:quest_line_locked":
      {
        "colorType": "betterquesting:color_static",
        "color": "FF404040"
      },
      "betterquesting:quest_line_unlocked":
      {
        "colorType": "betterquesting:color_pulse",
        "period": 1.0,
        "phase": 0.0,
        "color1":
        {
          "colorType": "betterquesting:color_static",
          "color": "FFFFFFFF"
        },
        "color2":
        {
          "colorType": "betterquesting:color_static",
          "color": "FF000000"
        }
      },
      "betterquesting:quest_line_pending":
      {
        "colorType": "betterquesting:color_static",
        "color": "FF000000"
      },
      "betterquesting:quest_line_complete":
      {
        "colorType": "betterquesting:color_static",
        "color": "FF000000"
      }
    },
    "lines":
    {
      "betterquesting:quest_locked":
      {
        "lineType": "betterquesting:line_simple",
        "stippleScale": 8,
        "stippleMask": "1010101010101010"
      },
      "betterquesting:quest_unlocked":
      {
        "lineType": "betterquesting:line_simple",
        "stippleScale": 8,
        "stippleMask": "1010101010101010"
      },
      "betterquesting:quest_pending":
      {
        "lineType": "betterquesting:line_simple",
        "stippleScale": 8,
        "stippleMask": "1010101010101010"
      },
      "betterquesting:quest_complete":
      {
        "lineType": "betterquesting:line_simple",
        "stippleScale": 8,
        "stippleMask": "1111111111111111"
      }
    }
  }
]
